,epochs,training_loss,training_accuracy,validation_loss,validation_accuracy,test_loss,test_accuracy,time
3,50,0.3633711636066437,0.852255642414093,0.3419334590435028,0.8627819418907166,0.3711189925670624,0.8391461372375488,54.51522207260132
1,200,0.4586680829524994,0.8204887509346008,0.43114781379699707,0.8360902070999146,0.4655972421169281,0.817197859287262,212.79471397399902
4,25,0.43734580278396606,0.8109022378921509,0.4404134750366211,0.8071428537368774,0.45636317133903503,0.7943475842475891,27.933889865875244
5,10,0.5401133894920349,0.728477418422699,0.5127522945404053,0.7488721609115601,0.5448541641235352,0.7248947620391846,45.5834801197052
0,500,0.6960752606391907,0.4982142746448517,0.6947040557861328,0.50789475440979,0.695914089679718,0.49969932436943054,521.1473979949951
2,100,0.6932483911514282,0.4981203079223633,0.6930342316627502,0.50789475440979,0.693213939666748,0.49969932436943054,106.84569692611694
