,activation_function,training_loss,training_accuracy,validation_loss,validation_accuracy,test_loss,test_accuracy,time
6,softmax,0.4347982406616211,0.8399435877799988,0.40886029601097107,0.8560150265693665,0.4400631785392761,0.8373421430587769,60.456066370010376
4,softsign,0.38510531187057495,0.8360902070999146,0.353183776140213,0.8511278033256531,0.390214741230011,0.8337342143058777,63.48518967628479
8,relu,0.45013928413391113,0.8286654353141785,0.42250195145606995,0.8439849615097046,0.4586162567138672,0.8241130709648132,57.05060601234436
1,elu,0.696292519569397,0.5018796920776367,0.6979191303253174,0.49210527539253235,0.6965550780296326,0.5003006458282471,60.42351984977722
2,selu,0.9216527938842773,0.5018796920776367,0.9354624152183533,0.49210527539253235,0.9238837361335754,0.5003006458282471,62.11992120742798
3,tanh,0.6962924003601074,0.5018796920776367,0.6979188919067383,0.49210527539253235,0.6965548396110535,0.5003006458282471,55.92382025718689
5,softplus,0.6936757564544678,0.5018796920776367,0.6943892240524292,0.49210527539253235,0.6937907934188843,0.5003006458282471,65.50917434692383
0,exponential,,0.4981203079223633,,0.50789475440979,,0.49969932436943054,55.92682337760925
7,sigmoid,0.6931694149971008,0.4981203079223633,0.6930935978889465,0.50789475440979,0.693156898021698,0.49969932436943054,84.12952709197998
