,batch_size,training_loss,training_accuracy,validation_loss,validation_accuracy,test_loss,test_accuracy,time
0,512,0.34730592370033264,0.8605263233184814,0.32270604372024536,0.8706766963005066,0.3513692319393158,0.8547804951667786,18.8577880859375
1,256,0.35888174176216125,0.8538534045219421,0.33159780502319336,0.8680450916290283,0.36619138717651367,0.8481659889221191,22.427419185638428
3,64,0.3610723316669464,0.8541353344917297,0.33305156230926514,0.8680450916290283,0.36836859583854675,0.845760703086853,43.22329807281494
2,128,0.39998385310173035,0.8586466312408447,0.3801324963569641,0.86654132604599,0.42661336064338684,0.841852068901062,25.61854386329651
4,32,0.39951473474502563,0.8491541147232056,0.3712325692176819,0.8620300889015198,0.4178250730037689,0.8400481343269348,61.593589067459106
5,16,0.694058895111084,0.4981203079223633,0.6932944059371948,0.50789475440979,0.6939353942871094,0.49969932436943054,145.15669131278992
