,learning_rate,training_loss,training_accuracy,validation_loss,validation_accuracy,test_loss,test_accuracy,time
4,0.003,0.25846344232559204,0.8884398341178894,0.29010748863220215,0.8845864534378052,0.30542609095573425,0.8686109185218811,65.6473548412323
3,0.01,0.28525203466415405,0.8811089992523193,0.28800010681152344,0.88345867395401,0.31694525480270386,0.864100992679596,85.36143159866333
5,0.001,0.29284054040908813,0.8791353106498718,0.3093671202659607,0.8748120069503784,0.3287457823753357,0.8610944151878357,65.62787175178528
2,0.03,0.33481457829475403,0.8554511070251465,0.3247949779033661,0.8627819418907166,0.34514936804771423,0.8475646376609802,67.10366249084473
1,0.1,0.460023432970047,0.8247180581092834,0.4401482343673706,0.8353383541107178,0.4595833420753479,0.8250150084495544,65.29683542251587
0,0.3,0.6988773941993713,0.4981203079223633,0.6968554854393005,0.50789475440979,0.6985509991645813,0.49969932436943054,63.95865607261658
